<?xml version="1.0" encoding="UTF-8"?>
<linked-list>
	<article xmlns:xsi="http://www.w3.org/2001/XMLSchema-instance"  xsi:type="java:com.hmkcode.vo.Article">
		<categories xsi:type="java:java.lang.String">Spring</categories>
		<tags xsi:type="java:java.lang.String">Spring</tags>
		<tags xsi:type="java:java.lang.String">JSON</tags>
		<tags xsi:type="java:java.lang.String">XML</tags>
		<tags xsi:type="java:java.lang.String">iText</tags>
		<tags xsi:type="java:java.lang.String">Apache POI</tags>
		<url>http://hmkcode.com/spring-mvc-view-json-xml-pdf-or-excel/</url>
		<title> Spring MVC View (JSON, XML, PDF or Excel) </title>
	</article>
	<article xmlns:xsi="http://www.w3.org/2001/XMLSchema-instance"  xsi:type="java:com.hmkcode.vo.Article">
		<categories xsi:type="java:java.lang.String">Java</categories>
		<tags xsi:type="java:java.lang.String">Java</tags>
		<tags xsi:type="java:java.lang.String">Castor</tags>
		<tags xsi:type="java:java.lang.String">XML</tags>
		<tags xsi:type="java:java.lang.String">Marshalling</tags>
		<tags xsi:type="java:java.lang.String">Unmarshalling</tags>
		<url>http://hmkcode.com/castor-java-object-xml</url>
		<title>Castor - Java Object to XML &amp; XML to Object Mapping</title>
	</article>
	<article xmlns:xsi="http://www.w3.org/2001/XMLSchema-instance"  xsi:type="java:com.hmkcode.vo.Article">
		<categories xsi:type="java:java.lang.String">Spring</categories>
		<tags xsi:type="java:java.lang.String">Spring</tags>
		<tags xsi:type="java:java.lang.String">jQuery</tags>
		<tags xsi:type="java:java.lang.String">File Upload</tags>
		<url>http://hmkcode.com/spring-mvc-jquery-file-upload-multiple-dragdrop-progress/</url>
		<title>Spring MVC + jQuery File Upload (multiple, drag &amp; drop, progress…)</title>
	</article>
	<article xmlns:xsi="http://www.w3.org/2001/XMLSchema-instance"  xsi:type="java:com.hmkcode.vo.Article">
		<categories xsi:type="java:java.lang.String">Spring</categories>
		<tags xsi:type="java:java.lang.String">Spring</tags>
		<tags xsi:type="java:java.lang.String">JSON</tags>
		<url>http://hmkcode.com/spring-mvc-json-json-to-java/</url>
		<title>Spring MVC JSON (JSON to Java)</title>
	</article>
	<article xmlns:xsi="http://www.w3.org/2001/XMLSchema-instance"  xsi:type="java:com.hmkcode.vo.Article">
		<categories xsi:type="java:java.lang.String">Android</categories>
		<tags xsi:type="java:java.lang.String">Android</tags>
		<tags xsi:type="java:java.lang.String">Gradle</tags>
		<url>http://hmkcode.com/android-studio-hello-world/</url>
		<title>Android Studio – Hello World</title>
	</article>
</linked-list>