<beans xmlns="http://www.springframework.org/schema/beans"
	xmlns:context="http://www.springframework.org/schema/context"
	xmlns:mvc="http://www.springframework.org/schema/mvc" xmlns:xsi="http://www.w3.org/2001/XMLSchema-instance"
	xsi:schemaLocation="
        http://www.springframework.org/schema/beans     
        http://www.springframework.org/schema/beans/spring-beans-3.0.xsd
        http://www.springframework.org/schema/context 
        http://www.springframework.org/schema/context/spring-context-3.0.xsd
        http://www.springframework.org/schema/mvc
        http://www.springframework.org/schema/mvc/spring-mvc-3.0.xsd">

	<context:component-scan base-package="com.hmkcode.controllers" />
	<mvc:annotation-driven />
	
	<bean class="org.springframework.web.servlet.view.ContentNegotiatingViewResolver">      
		<property name="order" value="1" />      
		<property name="mediaTypes">        
			<map>           
			  <entry key="json" value="application/json" />           
			  <entry key="xml" value="application/xml" />           
			  <entry key="pdf" value="application/pdf" /> 
			  <entry key="xlsx" value="application/vnd.openxmlformats-officedocument.spreadsheetml.sheet" />        
			</map>      
		</property>       
		
		<property name="defaultViews">        
			<list>          
				<!-- JSON View -->          
				<bean            class="org.springframework.web.servlet.view.json.MappingJacksonJsonView">          
				</bean>          
				
				<!--  XML view -->            
				<bean class="org.springframework.web.servlet.view.xml.MarshallingView">            
				<constructor-arg>                
					<bean class="org.springframework.oxm.castor.CastorMarshaller">                   
						          
					</bean>            
				</constructor-arg>          
				</bean>          
				
				<!--  PDF view -->          
				<bean class="com.hmkcode.view.PDFView">             
				</bean>
				
				<!--  XLSX "Excel" view -->          
				<bean class="com.hmkcode.view.ExcelView">             
				</bean>
			</list>      
		</property>      
		
		<property name="ignoreAcceptHeader" value="true" />     
	</bean>
</beans>



