<?xml version="1.0" encoding="UTF-8"?>
<beans   xmlns="http://www.springframework.org/schema/beans"
		xmlns:xsi="http://www.w3.org/2001/XMLSchema-instance"
		xsi:schemaLocation="http://www.springframework.org/schema/beans 
							http://www.springframework.org/schema/beans/spring-beans-3.1.xsd">
	
	
		<beans profile="development">
			<bean id="person" class="com.hmkcode.vo.Person">
				<property name="id" value="1" />
				<property name="name" value="dev-person" />
			</bean>
		</beans>
		
		<beans profile="production">
			<bean id="person" class="com.hmkcode.vo.Person">
				<property name="id" value="2" />
				<property name="name" value="pro-person" />
			</bean>
		</beans>
</beans>
