<?xml version="1.0" encoding="UTF-8"?>
<beans xmlns="http://www.springframework.org/schema/beans"
	xmlns:context="http://www.springframework.org/schema/context"
	xmlns:jdbc="http://www.springframework.org/schema/jdbc" xmlns:xsi="http://www.w3.org/2001/XMLSchema-instance"
	xmlns:aop="http://www.springframework.org/schema/aop" xmlns:oxm="http://www.springframework.org/schema/oxm"
	xmlns:mvc="http://www.springframework.org/schema/mvc" xmlns:jee="http://www.springframework.org/schema/jee"
	xmlns:tx="http://www.springframework.org/schema/tx"
	xsi:schemaLocation="http://www.springframework.org/schema/beans
		http://www.springframework.org/schema/beans/spring-beans-3.1.xsd
		
		http://www.springframework.org/schema/context
		http://www.springframework.org/schema/context/spring-context-3.1.xsd
		http://www.springframework.org/schema/tx
		http://www.springframework.org/schema/tx/spring-tx-3.1.xsd
		http://www.springframework.org/schema/aop
		http://www.springframework.org/schema/aop/spring-aop-3.1.xsd
        http://www.springframework.org/schema/oxm
        http://www.springframework.org/schema/oxm/spring-oxm-3.1.xsd
		
		http://www.springframework.org/schema/jdbc
        http://www.springframework.org/schema/jdbc/spring-jdbc-3.1.xsd"
       >

	<context:annotation-config />
	<tx:annotation-driven />

	
	<!-- bean id="dataSource"	class="org.springframework.jdbc.datasource.DriverManagerDataSource">
       <property name="driverClassName" value="oracle.jdbc.OracleDriver" />  
       <property name="url" value="jdbc:oracle:thin:@//localhost:1592/database" />  
       <property name="username" value="" />  
       <property name="password" value ="" />   
    </bean -->
    
    <!-- bean id="dataSource" class="org.springframework.jdbc.datasource.DriverManagerDataSource">
       <property name="driverClassName" value="com.mysql.jdbc.Driver" />  
       <property name="url" value="jdbc:mysql://localhost:3306/database" />  
       <property name="username" value="" />  
       <property name="password" value ="" /> 
    </bean -->
    
    <jdbc:embedded-database id="dataSource" type="H2" >
        <jdbc:script location="classpath:schema.sql"/>
        <jdbc:script location="classpath:test-data.sql"/>
    </jdbc:embedded-database>
    
    
    <bean id="sqlSessionFactory" class="org.mybatis.spring.SqlSessionFactoryBean">
  		<property name="dataSource" ref="dataSource" />
  		
  		<!-- configLocation is used to specify the location of the MyBatis XML configuration file.  -->
  		<property name="configLocation" value="classpath:com/hmkcode/spring/mybatis/mybatis-config.xml" />  
		
		<!--   
			The mapperLocations property takes a list of resource locations. 
			This property can be used to specify the location of MyBatis XML mapper files		
			<property name="mapperLocations" value="classpath*:com/hmkcode/spring/mybatis/Mapper.xml" /> 
		-->
	</bean>
	
	<bean id="mapper" class="org.mybatis.spring.mapper.MapperFactoryBean" >
  		<property name="mapperInterface" value="com.hmkcode.spring.mybatis.mapper.Mapper" />
  		<property name="sqlSessionFactory" ref="sqlSessionFactory" />
	</bean>
	
	<bean id="service" class="com.hmkcode.spring.mybatis.service.Service" />

</beans>
